Wall time,Step,Value
1628835366.5189786,1,1.0
1628835397.6938381,3,1.0
1628835413.9338038,4,1.0
1628835430.1421402,5,1.0
1628835510.8792899,10,1.0
1628835527.4446669,11,1.0
1628835543.397697,12,1.0
1628835589.9301703,15,1.0
1628835606.3896668,16,1.0
1628835622.66811,17,1.0
1628835655.1597493,19,1.0
1628835671.4362805,20,1.0
1628835688.0323656,21,1.0
1628835720.5273724,23,1.0
1628835733.4503956,24,1.0
1628835782.5803168,27,1.0
1628835798.5496085,28,1.0
1628835814.8881161,29,1.0
1628835831.1837165,30,1.0
1628835847.641909,31,1.0
1628835894.3447652,34,1.0
1628835910.8461468,35,1.0
1628835943.462792,37,1.0
1628835959.9030912,38,1.0
1628835976.3721406,39,1.0
1628835992.7333162,40,1.0
1628836009.2600603,41,1.0
1628836123.864147,48,1.0
1628836140.330991,49,1.0
1628836155.2551317,50,1.0
1628836171.6256366,51,1.0
1628836188.0250616,52,1.0
1628836204.455159,53,1.0
1628836221.056736,54,1.0
1628836237.2565832,55,1.0
1628836253.7471595,56,1.0
1628836282.1258955,58,1.0
1628836331.2076638,61,1.0
1628836347.7717686,62,1.0
1628836364.1603644,63,1.0
1628836380.52992,64,1.0
1628836413.0689821,66,1.0
1628836429.240335,67,1.0
1628836445.5512516,68,1.0
1628836461.9658213,69,1.0
1628836494.7624924,71,1.0
1628836511.1850219,72,1.0
1628836543.7705913,74,1.0
1628836576.6830482,76,1.0
1628836607.5108805,78,1.0
1628836622.4331293,79,1.0
1628836638.5885618,80,1.0
1628836655.2554398,81,1.0
1628836688.3447468,83,1.0
1628836704.9450734,84,1.0
1628836726.6596532,86,1.0
1628836743.2388313,87,1.0
1628836759.7234588,88,1.0
1628836792.738862,90,1.0
1628836809.073929,91,1.0
1628836885.887391,96,1.0
1628836902.4921296,97,1.0
1628836951.6815848,100,1.0
1628836968.288342,101,1.0
1628837018.070425,104,1.0
1628837034.5062208,105,1.0
1628837067.4086814,107,1.0
1628837083.8694828,108,1.0
1628837100.4044876,109,1.0
1628837116.460651,110,1.0
1628837131.822445,111,1.0
1628837148.2513237,112,1.0
1628837164.7130463,113,1.0
1628837197.5399106,115,1.0
1628837214.0304542,116,1.0
1628837230.5407577,117,1.0
1628837247.0909822,118,1.0
1628837296.6247814,121,1.0
1628837313.0551908,122,1.0
1628837378.9772522,126,1.0
1628837395.556146,127,1.0
1628837428.6632686,129,1.0
1628837445.06934,130,1.0
1628837461.4780142,131,1.0
1628837477.958715,132,1.0
1628837494.5709088,133,1.0
1628837527.2152581,135,1.0
1628837560.6514413,137,1.0
1628837577.1655443,138,1.0
1628837593.71037,139,1.0
1628837610.5032074,140,1.0
1628837626.9219332,141,1.0
1628837643.3935966,142,1.0
1628837672.4122915,144,1.0
1628837688.8686829,145,1.0
1628837699.2615354,146,1.0
1628837715.786574,147,1.0
1628837732.3654718,148,1.0
1628837771.1474576,151,1.0
1628837837.4885192,155,1.0
1628837869.2738426,157,1.0
1628837885.705991,158,1.0
1628837918.7395132,160,1.0
1628837935.173175,161,1.0
1628837967.6562717,163,1.0
1628837984.2294579,164,1.0
1628837999.8435593,165,1.0
1628838033.032209,167,1.0
1628838066.540952,169,1.0
1628838093.3601327,171,1.0
1628838108.8444283,172,1.0
1628838118.5040827,173,1.0
1628838151.5021822,175,1.0
1628838168.0975509,176,1.0
1628838184.4724994,177,1.0
1628838201.0244465,178,1.0
1628838217.7712052,179,1.0
1628838250.6244552,181,1.0
1628838266.924108,182,1.0
1628838283.5851183,183,1.0
1628838300.1305175,184,1.0
1628838316.6796598,185,1.0
1628838333.3155212,186,1.0
1628838349.6518018,187,1.0
1628838399.5075371,190,1.0
1628838414.3963518,191,1.0
1628838430.8393295,192,1.0
1628838447.509302,193,1.0
1628838497.297632,196,1.0
1628838545.356537,199,1.0
1628838560.732301,200,1.0
1628838576.064417,201,1.0
1628838609.0281224,203,1.0
1628838625.470932,204,1.0
1628838642.1020913,205,1.0
1628838658.659386,206,1.0
1628838691.8429546,208,1.0
1628838708.3971121,209,1.0
1628838724.9934373,210,1.0
1628838755.818707,212,1.0
1628838788.388897,214,1.0
1628838821.4033728,216,1.0
1628838837.8746018,217,1.0
1628838870.8139925,219,1.0
1628838887.3067856,220,1.0
1628838903.9615622,221,1.0
1628838920.3179388,222,1.0
1628838937.0932765,223,1.0
1628838970.1261296,225,1.0
1628838986.4469557,226,1.0
1628839003.0366986,227,1.0
1628839049.3757212,230,1.0
1628839077.496601,232,1.0
1628839093.9135673,233,1.0
1628839127.238314,235,1.0
1628839143.9555001,236,1.0
1628839160.0521965,237,1.0
1628839175.2246132,238,1.0
1628839191.8637533,239,1.0
1628839208.5120676,240,1.0
1628839241.8109524,242,1.0
1628839250.4417825,243,1.0
1628839283.817196,245,1.0
1628839300.0998263,246,1.0
1628839316.8148532,247,1.0
1628839333.4189844,248,1.0
1628839350.042443,249,1.0
1628839366.7662024,250,1.0
1628839415.9656785,253,1.0
1628839432.4952216,254,1.0
1628839449.0305452,255,1.0
1628839465.5145645,256,1.0
1628839495.9387665,258,1.0
1628839512.6520667,259,1.0
1628839529.2721725,260,1.0
1628839543.7511146,261,1.0
1628839570.514294,263,1.0
1628839585.9755766,264,1.0
1628839668.7947373,269,1.0
1628839702.2175186,271,1.0
1628839719.0088947,272,1.0
1628839768.7918205,275,1.0
1628839785.5529287,276,1.0
1628839801.6610873,277,1.0
1628839834.9560964,279,1.0
1628839851.4842727,280,1.0
1628839868.2823727,281,1.0
1628839884.979098,282,1.0
1628839901.390724,283,1.0
1628839909.8366604,284,1.0
1628839918.254721,285,1.0
1628839926.7220664,286,1.0
1628839951.852874,288,1.0
1628839968.4371722,289,1.0
1628840000.8524358,291,1.0
1628840017.5168839,292,1.0
1628840083.993245,296,1.0
1628840100.5995812,297,1.0
1628840117.177673,298,1.0
1628840133.6731005,299,1.0
1628840150.3379562,300,1.0
1628840167.0592299,301,1.0
1628840225.0769305,305,0.9983333349227905
1628840241.7088244,306,0.9983333349227905
1628840258.4978569,307,0.9983333349227905
1628840275.3021662,308,0.9983333349227905
1628840291.1573875,309,0.9983333349227905
1628840308.090175,310,0.9983333349227905
1628840341.9429924,312,0.9983333349227905
1628840358.8921547,313,0.9983333349227905
1628840375.8971882,314,0.9983333349227905
1628840393.0016696,315,0.996666669845581
1628840409.823399,316,0.996666669845581
1628840426.8466656,317,0.996666669845581
1628840461.0934632,319,0.996666669845581
1628840478.310646,320,0.996666669845581
1628840495.3609798,321,0.996666669845581
1628840512.6505387,322,0.996666669845581
1628840529.9189599,323,0.996666669845581
1628840562.1352108,325,0.9950000047683716
1628840613.8671122,328,0.9950000047683716
1628840648.451611,330,0.9950000047683716
1628840665.975872,331,0.9950000047683716
1628840683.6041052,332,0.9950000047683716
1628840700.8352616,333,0.9950000047683716
1628840718.1992357,334,0.9933333396911621
1628840780.6095295,338,0.9933333396911621
1628840796.796729,339,0.9933333396911621
1628840831.2433355,341,0.9933333396911621
1628840866.2470486,343,0.9933333396911621
1628840883.4867356,344,0.9916666746139526
1628840901.052094,345,0.9916666746139526
1628840918.4373813,346,0.9916666746139526
1628840935.5346959,347,0.9916666746139526
1628840950.0438688,348,0.9916666746139526
1628840967.4382637,349,0.9916666746139526
1628840984.644279,350,0.9916666746139526
1628841002.2629514,351,0.9916666746139526
1628841037.5077038,353,0.9916666746139526
1628841055.2020917,354,0.9900000095367432
1628841072.860036,355,0.9900000095367432
1628841090.4757164,356,0.9900000095367432
1628841125.3458662,358,0.9900000095367432
1628841142.940462,359,0.9900000095367432
1628841177.9628792,361,0.9900000095367432
1628841195.5517933,362,0.9900000095367432
1628841212.8956044,363,0.9900000095367432
1628841230.414788,364,0.9883333444595337
1628841248.0143204,365,0.9883333444595337
1628841265.8429396,366,0.9883333444595337
1628841283.2231548,367,0.9883333444595337
1628841300.7718422,368,0.9883333444595337
1628841318.2032447,369,0.9883333444595337
1628841335.8683891,370,0.9883333444595337
1628841405.8098516,374,0.9866666793823242
1628841423.3576016,375,0.9866666793823242
1628841440.5471218,376,0.9866666793823242
1628841475.8782728,378,0.9866666793823242
1628841493.4515173,379,0.9866666793823242
1628841564.1511772,383,0.9850000143051147
1628841599.4321785,385,0.9850000143051147
1628841617.055799,386,0.9850000143051147
1628841634.7190773,387,0.9850000143051147
1628841686.2297206,390,0.9850000143051147
1628841703.7737806,391,0.9850000143051147
1628841721.742079,392,0.9850000143051147
1628841739.6009855,393,0.9833333492279053
1628841757.2154639,394,0.9833333492279053
1628841775.1891804,395,0.9833333492279053
1628841793.065506,396,0.9833333492279053
1628841810.7640479,397,0.9833333492279053
1628841828.3700004,398,0.9833333492279053
1628841846.0953243,399,0.9833333492279053
1628841858.0613384,400,0.9833333492279053
1628841875.75395,401,0.9833333492279053
1628841893.632069,402,0.9833333492279053
1628841911.3632925,403,0.9816666841506958
1628841946.799411,405,0.9816666841506958
1628841982.0558233,407,0.9816666841506958
1628841999.8064537,408,0.9816666841506958
1628842014.78413,409,0.9816666841506958
1628842032.6439807,410,0.9816666841506958
1628842082.474957,413,0.9800000190734863
1628842100.3561323,414,0.9800000190734863
1628842118.1154509,415,0.9800000190734863
1628842135.9999006,416,0.9800000190734863
1628842188.9030993,419,0.9800000190734863
1628842205.774155,420,0.9800000190734863
1628842241.2668688,422,0.9800000190734863
1628842258.8413367,423,0.9783333539962769
1628842311.4186883,426,0.9783333539962769
1628842329.0787845,427,0.9783333539962769
1628842346.5238833,428,0.9783333539962769
1628842381.9703245,430,0.9783333539962769
1628842399.6871433,431,0.9783333539962769
1628842417.438505,432,0.9766666889190674
1628842468.7368581,435,0.9766666889190674
1628842486.6701164,436,0.9766666889190674
1628842504.4107108,437,0.9766666889190674
1628842522.1747246,438,0.9766666889190674
1628842539.9742851,439,0.9766666889190674
1628842557.9608884,440,0.9766666889190674
1628842575.6349752,441,0.9766666889190674
1628842593.484675,442,0.9750000238418579
1628842628.6432333,444,0.9750000238418579
1628842646.3840883,445,0.9750000238418579
1628842663.964545,446,0.9750000238418579
1628842681.4279282,447,0.9750000238418579
1628842752.9258327,451,0.9750000238418579
1628842770.8139834,452,0.9733333587646484
1628842788.4280837,453,0.9733333587646484
1628842806.3836753,454,0.9733333587646484
1628842822.5143876,455,0.9733333587646484
1628842850.05539,457,0.9733333587646484
1628842885.5312247,459,0.9733333587646484
1628842916.8237524,461,0.9733333587646484
1628842934.5256932,462,0.971666693687439
1628842952.2153795,463,0.971666693687439
1628842987.829777,465,0.971666693687439
1628843005.5727177,466,0.971666693687439
1628843020.9839764,467,0.971666693687439
1628843051.46551,469,0.971666693687439
1628843086.7794435,471,0.971666693687439
1628843104.4735835,472,0.9700000286102295
1628843139.3096342,474,0.9700000286102295
1628843150.3231578,475,0.9700000286102295
1628843168.3719208,476,0.9700000286102295
1628843221.4553797,479,0.9700000286102295
1628843239.1976864,480,0.9700000286102295
1628843256.6624217,481,0.9683333039283752
1628843274.2688544,482,0.9683333039283752
1628843292.0185769,483,0.9683333039283752
1628843304.126599,484,0.9683333039283752
1628843321.935252,485,0.9683333039283752
1628843357.658783,487,0.9683333039283752
1628843375.4234092,488,0.9683333039283752
1628843393.0972419,489,0.9683333039283752
1628843410.9468837,490,0.9683333039283752
1628843428.7479506,491,0.9666666388511658
1628843446.7812366,492,0.9666666388511658
1628843500.251868,495,0.9666666388511658
1628843512.0142295,496,0.9666666388511658
1628843547.0941634,498,0.9666666388511658
1628843564.8145602,499,0.9666666388511658
1628843582.7035973,500,0.9666666388511658
1628843614.6771712,502,0.9649999737739563
1628843632.2567844,503,0.9649999737739563
1628843649.9602604,504,0.9649999737739563
1628843703.375872,507,0.9649999737739563
1628843720.8606162,508,0.9649999737739563
1628843738.5294137,509,0.9649999737739563
1628843756.6514583,510,0.9649999737739563
1628843774.467315,511,0.9633333086967468
1628843792.3436544,512,0.9633333086967468
1628843809.9884188,513,0.9633333086967468
1628843827.758246,514,0.9633333086967468
1628843845.7903724,515,0.9633333086967468
1628843881.2835255,517,0.9633333086967468
1628843896.75374,518,0.9633333086967468
1628843914.4330537,519,0.9633333086967468
1628843932.0820258,520,0.9633333086967468
1628843950.2076516,521,0.9616666436195374
1628843968.0412657,522,0.9616666436195374
1628844003.2460682,524,0.9616666436195374
1628844053.4887195,527,0.9616666436195374
1628844121.9662144,531,0.9599999785423279
1628844157.1161757,533,0.9599999785423279
1628844174.8579586,534,0.9599999785423279
1628844192.695686,535,0.9599999785423279
1628844210.2102683,536,0.9599999785423279
1628844228.156621,537,0.9599999785423279
1628844245.9687371,538,0.9599999785423279
1628844263.725261,539,0.9599999785423279
1628844273.5064502,540,0.9583333134651184
1628844291.1969442,541,0.9583333134651184
1628844309.1461015,542,0.9583333134651184
1628844326.7729533,543,0.9583333134651184
1628844344.809396,544,0.9583333134651184
1628844362.1979892,545,0.9583333134651184
1628844397.7182364,547,0.9583333134651184
1628844415.5235238,548,0.9583333134651184
1628844468.7994354,551,0.9566666483879089
1628844504.2368488,553,0.9566666483879089
1628844522.0758207,554,0.9566666483879089
1628844539.869742,555,0.9566666483879089
1628844557.6137335,556,0.9566666483879089
1628844573.4726338,557,0.9566666483879089
1628844609.2786415,559,0.9566666483879089
1628844679.9419725,563,0.9549999833106995
1628844697.7875767,564,0.9549999833106995
1628844715.579944,565,0.9549999833106995
1628844751.2938595,567,0.9549999833106995
1628844769.0770986,568,0.9549999833106995
1628844787.0172951,569,0.9549999833106995
1628844804.7833533,570,0.95333331823349
1628844840.6469204,572,0.95333331823349
1628844876.0111253,574,0.95333331823349
1628844929.4648037,577,0.95333331823349
1628845000.2892509,581,0.9516666531562805
1628845070.7783537,585,0.9516666531562805
1628845088.4407125,586,0.9516666531562805
1628845106.3169405,587,0.9516666531562805
1628845141.5853922,589,0.949999988079071
1628845159.3099546,590,0.949999988079071
1628845177.071479,591,0.949999988079071
1628845191.8379822,592,0.949999988079071
1628845209.5446684,593,0.949999988079071
1628845245.1679935,595,0.949999988079071
1628845262.9336503,596,0.949999988079071
1628845280.7880147,597,0.949999988079071
1628845298.7103739,598,0.949999988079071
1628845316.4111862,599,0.9483333230018616
1628845333.9927783,600,0.9483333230018616
1628845369.0501158,602,0.9483333230018616
1628845386.821866,603,0.9483333230018616
1628845404.7157266,604,0.9483333230018616
1628845440.3454845,606,0.9483333230018616
1628845475.9824376,608,0.9483333230018616
1628845493.889316,609,0.9466666579246521
1628845511.7546513,610,0.9466666579246521
1628845529.4099922,611,0.9466666579246521
1628845582.5848284,614,0.9466666579246521
1628845600.1648405,615,0.9466666579246521
1628845635.774013,617,0.9466666579246521
1628845653.3111167,618,0.9466666579246521
1628845671.0973496,619,0.9449999928474426
1628845706.9340396,621,0.9449999928474426
1628845739.3629344,623,0.9449999928474426
1628845757.1845028,624,0.9449999928474426
1628845792.8178742,626,0.9449999928474426
1628845810.5673778,627,0.9449999928474426
1628845828.292723,628,0.9449999928474426
1628845846.110351,629,0.9433333277702332
1628845863.562565,630,0.9433333277702332
1628845917.2108936,633,0.9433333277702332
1628845934.989172,634,0.9433333277702332
1628845952.6982281,635,0.9433333277702332
1628845970.3189542,636,0.9433333277702332
1628846005.8300245,638,0.9433333277702332
1628846059.2627513,641,0.9416666626930237
1628846077.0669923,642,0.9416666626930237
1628846095.0841484,643,0.9416666626930237
1628846113.1455355,644,0.9416666626930237
1628846130.897303,645,0.9416666626930237
1628846148.4213753,646,0.9416666626930237
1628846201.2222478,649,0.9399999976158142
1628846218.9574192,650,0.9399999976158142
1628846254.0496733,652,0.9399999976158142
1628846271.8481338,653,0.9399999976158142
1628846289.6932142,654,0.9399999976158142
1628846307.4696531,655,0.9399999976158142
1628846325.2435992,656,0.9399999976158142
1628846378.456228,659,0.9383333325386047
1628846396.1099913,660,0.9383333325386047
1628846413.5634098,661,0.9383333325386047
1628846431.4676657,662,0.9383333325386047
1628846538.1712637,668,0.9366666674613953
1628846573.6170647,670,0.9366666674613953
1628846591.4185884,671,0.9366666674613953
1628846644.6533287,674,0.9366666674613953
1628846680.4320912,676,0.9366666674613953
1628846698.0822344,677,0.9366666674613953
1628846715.7936995,678,0.9350000023841858
1628846733.2142084,679,0.9350000023841858
1628846751.1578114,680,0.9350000023841858
1628846768.9567714,681,0.9350000023841858
1628846804.3844237,683,0.9350000023841858
1628846822.0733452,684,0.9350000023841858
1628846839.8498664,685,0.9350000023841858
1628846857.6698134,686,0.9350000023841858
1628846893.0863945,688,0.9333333373069763
1628846910.9335797,689,0.9333333373069763
1628846928.6309917,690,0.9333333373069763
1628846946.3659308,691,0.9333333373069763
1628846981.9638727,693,0.9333333373069763
1628846999.7713854,694,0.9333333373069763
1628847017.731578,695,0.9333333373069763
1628847035.4983053,696,0.9333333373069763
1628847053.4565482,697,0.9316666722297668
1628847071.161493,698,0.9316666722297668
1628847106.5304368,700,0.9316666722297668
1628847155.5034788,703,0.9316666722297668
1628847173.41774,704,0.9316666722297668
1628847208.8331423,706,0.9316666722297668
1628847279.5107539,710,0.9300000071525574
1628847297.2394974,711,0.9300000071525574
1628847332.5969937,713,0.9300000071525574
1628847350.2735887,714,0.9300000071525574
1628847385.5520363,716,0.9300000071525574
1628847420.395926,718,0.9283333420753479
1628847455.9262254,720,0.9283333420753479
1628847473.789787,721,0.9283333420753479
1628847491.5819507,722,0.9283333420753479
1628847527.2967033,724,0.9283333420753479
1628847544.8422072,725,0.9283333420753479
1628847562.378139,726,0.9283333420753479
1628847580.175193,727,0.9266666769981384
1628847597.8715255,728,0.9266666769981384
1628847615.7336748,729,0.9266666769981384
1628847633.259688,730,0.9266666769981384
1628847650.9954445,731,0.9266666769981384
1628847668.7631736,732,0.9266666769981384
1628847686.391188,733,0.9266666769981384
1628847703.9901865,734,0.9266666769981384
1628847739.6560104,736,0.9266666769981384
1628847793.2453609,739,0.925000011920929
1628847810.8789427,740,0.925000011920929
1628847828.5260756,741,0.925000011920929
1628847863.975255,743,0.925000011920929
1628847881.8696852,744,0.925000011920929
1628847899.5699465,745,0.925000011920929
1628847915.8519135,746,0.925000011920929
1628847933.335905,747,0.9233333468437195
1628848020.699285,752,0.9233333468437195
1628848038.438703,753,0.9233333468437195
1628848086.375139,756,0.92166668176651
1628848103.9665596,757,0.92166668176651
1628848139.5486307,759,0.92166668176651
1628848157.2633033,760,0.92166668176651
1628848228.3116634,764,0.92166668176651
1628848246.0296233,765,0.92166668176651
1628848263.7509768,766,0.9200000166893005
1628848299.0673366,768,0.9200000166893005
1628848308.7288253,769,0.9200000166893005
1628848326.5130873,770,0.9200000166893005
1628848343.6089215,771,0.9200000166893005
1628848360.909219,772,0.9200000166893005
1628848378.7631185,773,0.9200000166893005
1628848396.607009,774,0.9200000166893005
1628848431.6944158,776,0.9183333516120911
1628848449.3673658,777,0.9183333516120911
1628848467.2034338,778,0.9183333516120911
1628848484.883445,779,0.9183333516120911
1628848502.4179323,780,0.9183333516120911
1628848520.2432263,781,0.9183333516120911
1628848536.3302515,782,0.9183333516120911
1628848553.9948,783,0.9183333516120911
1628848571.6659906,784,0.9183333516120911
1628848623.3427753,787,0.9166666865348816
1628848658.9294536,789,0.9166666865348816
1628848676.8304105,790,0.9166666865348816
1628848712.3747447,792,0.9166666865348816
1628848747.7423768,794,0.9166666865348816
1628848765.2815084,795,0.9166666865348816
1628848783.0481832,796,0.9150000214576721
1628848800.8513558,797,0.9150000214576721
1628848818.585692,798,0.9150000214576721
1628848854.1750886,800,0.9150000214576721
1628848871.704983,801,0.9150000214576721
1628848942.5293736,805,0.9133333563804626
1628848960.2910342,806,0.9133333563804626
1628848977.1504018,807,0.9133333563804626
1628848994.7425125,808,0.9133333563804626
1628849012.5292916,809,0.9133333563804626
1628849047.4524066,811,0.9133333563804626
1628849065.455144,812,0.9133333563804626
1628849101.0025005,814,0.9133333563804626
1628849118.9345345,815,0.9116666913032532
1628849171.638558,818,0.9116666913032532
1628849187.9447036,819,0.9116666913032532
1628849205.9116232,820,0.9116666913032532
1628849223.5981977,821,0.9116666913032532
1628849241.4648447,822,0.9116666913032532
1628849259.3967247,823,0.9116666913032532
1628849277.2991781,824,0.9116666913032532
1628849295.1239316,825,0.9100000262260437
1628849312.5109088,826,0.9100000262260437
1628849330.196761,827,0.9100000262260437
1628849347.9502096,828,0.9100000262260437
1628849365.747291,829,0.9100000262260437
1628849401.0650692,831,0.9100000262260437
1628849436.4371047,833,0.9100000262260437
1628849454.1096504,834,0.9100000262260437
1628849489.7083812,836,0.9083333611488342
1628849507.354326,837,0.9083333611488342
1628849525.1452847,838,0.9083333611488342
1628849559.5151727,840,0.9083333611488342
1628849577.0651765,841,0.9083333611488342
1628849611.8867838,843,0.9083333611488342
1628849629.7883933,844,0.9083333611488342
1628849664.5969946,846,0.9066666960716248
1628849697.582119,848,0.9066666960716248
1628849750.593155,851,0.9066666960716248
1628849768.2709641,852,0.9066666960716248
1628849821.5982165,855,0.9049999713897705
1628849857.025494,857,0.9049999713897705
1628849874.781481,858,0.9049999713897705
1628849892.5597632,859,0.9049999713897705
1628849928.0781064,861,0.9049999713897705
1628849945.8910344,862,0.9049999713897705
1628849963.4322276,863,0.9049999713897705
1628850016.6579359,866,0.903333306312561
1628850034.3991354,867,0.903333306312561
1628850067.5942712,869,0.903333306312561
1628850102.9390767,871,0.903333306312561
1628850120.6444101,872,0.903333306312561
1628850173.0639,875,0.9016666412353516
1628850208.5780447,877,0.9016666412353516
1628850226.298825,878,0.9016666412353516
1628850243.8058977,879,0.9016666412353516
1628850278.9758344,881,0.9016666412353516
1628850296.7756531,882,0.9016666412353516
1628850314.4260314,883,0.9016666412353516
1628850332.030904,884,0.8999999761581421
1628850349.85377,885,0.8999999761581421
1628850367.5572948,886,0.8999999761581421
1628850385.5182462,887,0.8999999761581421
1628850403.257081,888,0.8999999761581421
1628850421.0897322,889,0.8999999761581421
1628850438.546106,890,0.8999999761581421
1628850456.4090698,891,0.8999999761581421
1628850491.672096,893,0.8999999761581421
1628850509.491712,894,0.8983333110809326
1628850544.8292,896,0.8983333110809326
1628850579.7464721,898,0.8983333110809326
1628850597.7625751,899,0.8983333110809326
1628850649.5562193,902,0.8983333110809326
1628850667.2873302,903,0.8983333110809326
1628850702.8772943,905,0.8966666460037231
1628850720.6510963,906,0.8966666460037231
1628850738.483748,907,0.8966666460037231
1628850756.1224322,908,0.8966666460037231
1628850774.0235405,909,0.8966666460037231
1628850803.3906798,911,0.8966666460037231
1628850820.8940732,912,0.8966666460037231
1628850856.453886,914,0.8949999809265137
1628850874.3261817,915,0.8949999809265137
1628850909.7821443,917,0.8949999809265137
1628850927.461962,918,0.8949999809265137
1628850945.3017004,919,0.8949999809265137
1628850962.8230653,920,0.8949999809265137
1628850980.5772266,921,0.8949999809265137
1628850998.474644,922,0.8949999809265137
1628851016.268876,923,0.8933333158493042
1628851033.694174,924,0.8933333158493042
1628851104.3586142,928,0.8933333158493042
1628851122.1578276,929,0.8933333158493042
1628851139.9709227,930,0.8933333158493042
1628851157.7332284,931,0.8933333158493042
1628851175.4459429,932,0.8933333158493042
1628851193.3177252,933,0.8916666507720947
1628851210.5139368,934,0.8916666507720947
1628851228.2750142,935,0.8916666507720947
1628851246.0814238,936,0.8916666507720947
1628851317.0278294,940,0.8916666507720947
1628851334.7766361,941,0.8916666507720947
1628851352.4492593,942,0.8916666507720947
1628851370.588565,943,0.8899999856948853
1628851423.408976,946,0.8899999856948853
1628851441.0779111,947,0.8899999856948853
1628851458.8480294,948,0.8899999856948853
1628851494.8000484,950,0.8899999856948853
1628851512.5940194,951,0.8899999856948853
1628851548.0062168,953,0.8883333206176758
1628851583.546522,955,0.8883333206176758
1628851601.241726,956,0.8883333206176758
1628851618.8182983,957,0.8883333206176758
1628851671.8956578,960,0.8883333206176758
1628851689.8059616,961,0.8883333206176758
1628851707.7377715,962,0.8866666555404663
1628851725.2747025,963,0.8866666555404663
1628851742.9058,964,0.8866666555404663
1628851760.5771205,965,0.8866666555404663
1628851778.3627443,966,0.8866666555404663
1628851813.704524,968,0.8866666555404663
1628851831.6566617,969,0.8866666555404663
1628851884.5954514,972,0.8849999904632568
1628851902.3771434,973,0.8849999904632568
1628851964.0507135,977,0.8849999904632568
1628851999.4145696,979,0.8849999904632568
1628852016.878634,980,0.8849999904632568
1628852034.6227646,981,0.8849999904632568
1628852052.3367987,982,0.8833333253860474
1628852069.6811125,983,0.8833333253860474
1628852087.2865157,984,0.8833333253860474
1628852138.194229,987,0.8833333253860474
1628852156.1119573,988,0.8833333253860474
1628852173.8261244,989,0.8833333253860474
1628852188.3925474,990,0.8833333253860474
1628852205.893729,991,0.8833333253860474
1628852241.3484993,993,0.8816666603088379
1628852276.7899783,995,0.8816666603088379
1628852294.472097,996,0.8816666603088379
1628852312.1971223,997,0.8816666603088379
1628852347.5548265,999,0.8816666603088379
1628852365.36355,1000,0.8816666603088379
1628852383.092251,1001,0.8816666603088379
1628852400.9461267,1002,0.8799999952316284
1628852418.5788512,1003,0.8799999952316284
1628852436.358538,1004,0.8799999952316284
1628852454.039284,1005,0.8799999952316284
1628852471.5896685,1006,0.8799999952316284
1628852489.3478892,1007,0.8799999952316284
1628852505.4123864,1008,0.8799999952316284
1628852576.9195309,1012,0.878333330154419
1628852612.383116,1014,0.878333330154419
1628852630.2552464,1015,0.878333330154419
1628852647.7424836,1016,0.878333330154419
1628852665.3275433,1017,0.878333330154419
1628852682.881522,1018,0.878333330154419
1628852735.9839034,1021,0.8766666650772095
1628852771.619881,1023,0.8766666650772095
1628852842.4503522,1027,0.8766666650772095
1628852870.7891014,1029,0.8766666650772095
1628852887.7630694,1030,0.8766666650772095
1628852922.795257,1032,0.875
1628852993.674039,1036,0.875
1628853011.4416888,1037,0.875
1628853029.0096385,1038,0.875
1628853046.6770945,1039,0.875
1628853064.4718852,1040,0.875
1628853135.5096362,1044,0.8733333349227905
1628853170.9167671,1046,0.8733333349227905
1628853188.8549905,1047,0.8733333349227905
1628853224.1791408,1049,0.8733333349227905
1628853241.8148549,1050,0.8733333349227905
1628853295.3737817,1053,0.871666669845581
1628853313.346331,1054,0.871666669845581
1628853330.8736448,1055,0.871666669845581
1628853366.2321136,1057,0.871666669845581
1628853401.7973616,1059,0.871666669845581
1628853419.4230595,1060,0.871666669845581
1628853437.2681253,1061,0.8700000047683716
1628853472.775736,1063,0.8700000047683716
1628853490.3696318,1064,0.8700000047683716
1628853525.5939338,1066,0.8700000047683716
1628853542.9437463,1067,0.8700000047683716
1628853560.7330828,1068,0.8700000047683716
1628853596.1480842,1070,0.8683333396911621
1628853613.6147363,1071,0.8683333396911621
1628853631.1455379,1072,0.8683333396911621
1628853648.8355193,1073,0.8683333396911621
1628853666.3582776,1074,0.8683333396911621
1628853684.0758495,1075,0.8683333396911621
1628853737.5176475,1078,0.8683333396911621
1628853755.25571,1079,0.8683333396911621
1628853790.8900855,1081,0.8666666746139526
1628853808.7353306,1082,0.8666666746139526
1628853826.5268745,1083,0.8666666746139526
1628853844.1229072,1084,0.8666666746139526
1628853879.1027272,1086,0.8666666746139526
1628853897.014219,1087,0.8666666746139526
1628853914.8190334,1088,0.8666666746139526
1628853932.5711913,1089,0.8666666746139526
1628853985.9636374,1092,0.8650000095367432
1628854003.7463205,1093,0.8650000095367432
1628854021.5747948,1094,0.8650000095367432
1628854107.6168127,1099,0.8650000095367432
1628854142.475352,1101,0.8633333444595337
1628854170.0214186,1103,0.8633333444595337
1628854187.9344532,1104,0.8633333444595337
1628854205.6239443,1105,0.8633333444595337
1628854259.1809545,1108,0.8633333444595337
1628854277.1090622,1109,0.8633333444595337
1628854294.7767556,1110,0.8616666793823242
1628854312.471225,1111,0.8616666793823242
1628854330.2131433,1112,0.8616666793823242
1628854348.1473792,1113,0.8616666793823242
1628854366.0326717,1114,0.8616666793823242
1628854383.9286876,1115,0.8616666793823242
1628854419.4117637,1117,0.8616666793823242
1628854437.264129,1118,0.8616666793823242
1628854472.4566224,1120,0.8600000143051147
1628854489.9752953,1121,0.8600000143051147
1628854507.636498,1122,0.8600000143051147
1628854525.4786935,1123,0.8600000143051147
1628854578.7393923,1126,0.8600000143051147
1628854596.5195162,1127,0.8600000143051147
1628854632.1303396,1129,0.8583333492279053
1628854649.9979253,1130,0.8583333492279053
1628854667.4359918,1131,0.8583333492279053
1628854684.0773878,1132,0.8583333492279053
1628854702.01342,1133,0.8583333492279053
1628854719.9841726,1134,0.8583333492279053
1628854737.844674,1135,0.8583333492279053
1628854755.5925858,1136,0.8583333492279053
1628854773.3902144,1137,0.8583333492279053
1628854791.083506,1138,0.8583333492279053
1628854818.538258,1140,0.8566666841506958
1628854836.4485164,1141,0.8566666841506958
1628854871.7643085,1143,0.8566666841506958
1628854889.419448,1144,0.8566666841506958
1628854923.8710108,1146,0.8566666841506958
1628854942.0044646,1147,0.8566666841506958
1628854977.840069,1149,0.8550000190734863
1628854995.4474847,1150,0.8550000190734863
1628855013.3280556,1151,0.8550000190734863
1628855031.117714,1152,0.8550000190734863
1628855048.782627,1153,0.8550000190734863
1628855066.6343663,1154,0.8550000190734863
1628855102.2745376,1156,0.8550000190734863
1628855120.1897466,1157,0.8550000190734863
1628855138.1622255,1158,0.8550000190734863
1628855173.834343,1160,0.8533333539962769
1628855191.8040178,1161,0.8533333539962769
1628855227.6892571,1163,0.8533333539962769
1628855245.5156431,1164,0.8533333539962769
1628855263.3078873,1165,0.8533333539962769
1628855281.2398863,1166,0.8533333539962769
1628855299.10153,1167,0.8533333539962769
1628855316.6849368,1168,0.8533333539962769
1628855334.3936827,1169,0.8516666889190674
1628855397.4968853,1173,0.8516666889190674
1628855415.3665133,1174,0.8516666889190674
1628855432.9409237,1175,0.8516666889190674
1628855466.4303925,1177,0.8516666889190674
1628855484.0387437,1178,0.8500000238418579
1628855501.6238508,1179,0.8500000238418579
1628855537.6244464,1181,0.8500000238418579
1628855573.1025794,1183,0.8500000238418579
1628855608.4519124,1185,0.8500000238418579
1628855643.8080208,1187,0.8500000238418579
1628855679.4605176,1189,0.8483333587646484
1628855697.3130782,1190,0.8483333587646484
1628855712.3728008,1191,0.8483333587646484
1628855729.9698656,1192,0.8483333587646484
1628855765.9665647,1194,0.8483333587646484
1628855783.5504377,1195,0.8483333587646484
1628855801.2024648,1196,0.8483333587646484
1628855818.9739156,1197,0.8483333587646484
1628855836.7240646,1198,0.846666693687439
1628855854.3516397,1199,0.846666693687439
1628855907.5456264,1202,0.846666693687439
1628855925.278742,1203,0.846666693687439
1628855978.6871347,1206,0.846666693687439
1628855996.432829,1207,0.846666693687439
1628856014.2607987,1208,0.8450000286102295
1628856047.2586908,1210,0.8450000286102295
1628856065.1376348,1211,0.8450000286102295
1628856118.5629559,1214,0.8450000286102295
1628856136.55457,1215,0.8450000286102295
1628856154.4731047,1216,0.8450000286102295
1628856190.1550555,1218,0.8433333039283752
1628856207.8793309,1219,0.8433333039283752
1628856261.7659476,1222,0.8433333039283752
1628856279.3526878,1223,0.8433333039283752
1628856297.239133,1224,0.8433333039283752
1628856332.2337112,1226,0.8433333039283752
1628856382.2952814,1229,0.8416666388511658
1628856399.9607735,1230,0.8416666388511658
1628856452.776538,1233,0.8416666388511658
1628856470.7105985,1234,0.8416666388511658
1628856488.7108777,1235,0.8416666388511658
1628856558.442895,1239,0.8399999737739563
1628856593.9691403,1241,0.8399999737739563
1628856611.3349538,1242,0.8399999737739563
1628856629.163755,1243,0.8399999737739563
1628856647.1493533,1244,0.8399999737739563
1628856664.6155605,1245,0.8399999737739563
1628856682.0017912,1246,0.8399999737739563
1628856699.3866649,1247,0.8383333086967468
1628856752.3915987,1250,0.8383333086967468
1628856770.136144,1251,0.8383333086967468
1628856787.8888566,1252,0.8383333086967468
1628856805.5776696,1253,0.8383333086967468
1628856841.2713106,1255,0.8383333086967468
1628856876.850101,1257,0.8366666436195374
1628856894.4596553,1258,0.8366666436195374
1628856946.784908,1261,0.8366666436195374
1628856964.5527132,1262,0.8366666436195374
1628856999.8603027,1264,0.8366666436195374
1628857017.4997487,1265,0.8366666436195374
1628857035.2940385,1266,0.8366666436195374
1628857052.4241955,1267,0.8349999785423279
1628857069.9761593,1268,0.8349999785423279
1628857087.59475,1269,0.8349999785423279
1628857140.4685962,1272,0.8349999785423279
1628857158.3424451,1273,0.8349999785423279
1628857229.5863645,1277,0.8333333134651184
1628857247.390829,1278,0.8333333134651184
1628857265.0020404,1279,0.8333333134651184
1628857282.5991375,1280,0.8333333134651184
1628857300.478806,1281,0.8333333134651184
1628857331.3866913,1283,0.8333333134651184
1628857349.1451082,1284,0.8333333134651184
1628857384.5905159,1286,0.8316666483879089
1628857402.415117,1287,0.8316666483879089
1628857437.8808992,1289,0.8316666483879089
1628857473.6458676,1291,0.8316666483879089
1628857491.4795814,1292,0.8316666483879089
1628857509.4508517,1293,0.8316666483879089
1628857527.317298,1294,0.8316666483879089
1628857562.8560822,1296,0.8299999833106995
1628857580.5879898,1297,0.8299999833106995
1628857615.8595188,1299,0.8299999833106995
1628857633.6598127,1300,0.8299999833106995
1628857669.0827448,1302,0.8299999833106995
1628857686.7509353,1303,0.8299999833106995
1628857721.8944812,1305,0.8299999833106995
1628857739.4321866,1306,0.82833331823349
1628857756.9072464,1307,0.82833331823349
1628857774.6343155,1308,0.82833331823349
1628857824.1094701,1311,0.82833331823349
1628857841.7380795,1312,0.82833331823349
1628857859.6705296,1313,0.82833331823349
1628857877.355912,1314,0.82833331823349
1628857894.7495198,1315,0.82833331823349
1628857912.560103,1316,0.8266666531562805
1628857965.269201,1319,0.8266666531562805
1628857982.9427774,1320,0.8266666531562805
1628858000.5496576,1321,0.8266666531562805
1628858018.0006835,1322,0.8266666531562805
1628858035.7669163,1323,0.8266666531562805
1628858053.7437034,1324,0.8266666531562805
1628858071.5718284,1325,0.8266666531562805
1628858089.2471206,1326,0.824999988079071
1628858107.0309746,1327,0.824999988079071
1628858142.9611228,1329,0.824999988079071
1628858231.8928468,1334,0.824999988079071
1628858267.2925408,1336,0.8233333230018616
1628858369.8239803,1342,0.8233333230018616
1628858387.526767,1343,0.8233333230018616
1628858422.9827278,1345,0.8216666579246521
1628858440.8855448,1346,0.8216666579246521
1628858476.1390226,1348,0.8216666579246521
1628858493.9782035,1349,0.8216666579246521
1628858547.7211742,1352,0.8216666579246521
1628858565.753246,1353,0.8216666579246521
1628858601.1690617,1355,0.8199999928474426
1628858618.8252647,1356,0.8199999928474426
1628858636.7861898,1357,0.8199999928474426
1628858654.6092875,1358,0.8199999928474426
1628858672.1674345,1359,0.8199999928474426
1628858707.5344138,1361,0.8199999928474426
1628858743.2941227,1363,0.8199999928474426
1628858760.8452728,1364,0.8199999928474426
1628858778.5464184,1365,0.8183333277702332
1628858796.4490075,1366,0.8183333277702332
1628858813.9673333,1367,0.8183333277702332
1628858831.7497413,1368,0.8183333277702332
1628858849.1240454,1369,0.8183333277702332
1628858920.0629447,1373,0.8183333277702332
1628858938.1332328,1374,0.8183333277702332
1628858955.9096348,1375,0.8166666626930237
1628858973.768225,1376,0.8166666626930237
1628858991.8670454,1377,0.8166666626930237
1628859045.1707602,1380,0.8166666626930237
1628859063.0221457,1381,0.8166666626930237
1628859080.801208,1382,0.8166666626930237
1628859150.1884274,1386,0.8149999976158142
1628859168.1670475,1387,0.8149999976158142
1628859185.8274705,1388,0.8149999976158142
1628859203.8276026,1389,0.8149999976158142
1628859238.669384,1391,0.8149999976158142
1628859256.7012227,1392,0.8149999976158142
1628859292.323011,1394,0.8133333325386047
1628859309.8605473,1395,0.8133333325386047
1628859342.3808868,1397,0.8133333325386047
1628859360.2007642,1398,0.8133333325386047
1628859395.8581352,1400,0.8133333325386047
1628859413.5484915,1401,0.8133333325386047
1628859448.9301064,1403,0.8133333325386047
1628859466.9745774,1404,0.8116666674613953
1628859484.7303245,1405,0.8116666674613953
1628859502.6561239,1406,0.8116666674613953
1628859520.680422,1407,0.8116666674613953
1628859538.7046142,1408,0.8116666674613953
1628859556.5545356,1409,0.8116666674613953
1628859644.8201013,1414,0.8100000023841858
1628859696.8841677,1417,0.8100000023841858
1628859714.7446144,1418,0.8100000023841858
1628859750.5767365,1420,0.8100000023841858
1628859786.232455,1422,0.8100000023841858
1628859804.1560547,1423,0.8100000023841858
1628859857.824284,1426,0.8083333373069763
1628859875.4872432,1427,0.8083333373069763
1628859893.6849203,1428,0.8083333373069763
1628859911.3052921,1429,0.8083333373069763
1628859964.4938095,1432,0.8083333373069763
1628859982.3178182,1433,0.8083333373069763
1628860000.2679152,1434,0.8066666722297668
1628860018.0987146,1435,0.8066666722297668
1628860052.6948547,1437,0.8066666722297668
1628860087.9235795,1439,0.8066666722297668
1628860105.9710727,1440,0.8066666722297668
1628860123.9391148,1441,0.8066666722297668
1628860141.8875294,1442,0.8066666722297668
1628860195.0895934,1445,0.8050000071525574
1628860230.82724,1447,0.8050000071525574
1628860248.4943492,1448,0.8050000071525574
1628860265.8119152,1449,0.8050000071525574
1628860283.8519077,1450,0.8050000071525574
1628860301.6484866,1451,0.8050000071525574
1628860319.5581894,1452,0.8050000071525574
1628860337.4898958,1453,0.8033333420753479
1628860372.6851604,1455,0.8033333420753479
1628860390.3881917,1456,0.8033333420753479
1628860408.069016,1457,0.8033333420753479
1628860425.7714045,1458,0.8033333420753479
1628860443.0390017,1459,0.8033333420753479
1628860460.530399,1460,0.8033333420753479
1628860478.187652,1461,0.8033333420753479
1628860496.0951269,1462,0.8033333420753479
1628860513.802001,1463,0.8016666769981384
1628860531.641839,1464,0.8016666769981384
1628860549.287594,1465,0.8016666769981384
1628860602.7913923,1468,0.8016666769981384
1628860620.6383605,1469,0.8016666769981384
1628860656.0451953,1471,0.8016666769981384
1628860673.5542128,1472,0.8016666769981384
